{
    "last_config": "Default",
    "last_rod": "Basic Rod",
    "bar_areas": {
        "shake": {
            "x": 0.1041,
            "y": 0.11935185185185186,
            "width": 0.7917000000000001,
            "height": 0.7018555555555555
        },
        "fish": {
            "x": 0.2859625,
            "y": 0.8443962962962963,
            "width": 0.4296999999999999,
            "height": 0.038899999999999935
        },
        "friend": {
            "x": 0.0009541666666666671,
            "y": 0.9184851851851852,
            "width": 0.0355,
            "height": 0.0817
        },
        "totem": {
            "x": 0.9531,
            "y": 0.8703370370370371,
            "width": 0.02080000000000004,
            "height": 0.04630000000000001
        }
    }
}