{
    "last_rod": "Basic Rod",
    "last_config": "Default",
    "bar_areas": {
        "shake": {
            "x": 0.1041,
            "y": 0.0925,
            "width": 0.7917000000000001,
            "height": 0.6962999999999999
        },
        "fish": {
            "x": 0.2963791666666667,
            "y": 0.8434703703703703,
            "width": 0.40522083333333325,
            "height": 0.038899999999999935
        },
        "friend": {
            "x": 0.004079166666666667,
            "y": 0.9083,
            "width": 0.0355,
            "height": 0.0817
        },
        "totem": {
            "x": 0.9531,
            "y": 0.8333,
            "width": 0.02080000000000004,
            "height": 0.04630000000000001
        }
    }
}