{
    "last_config": "Default",
    "last_rod": "Basic Rod",
    "bar_areas": {
        "shake": {
            "x": 0.10545582010582014,
            "y": 0.11148053858338998,
            "width": 0.7864916666666666,
            "height": 0.7185222222222222
        },
        "fish": {
            "x": 0.29513082010582015,
            "y": 0.8454240552161122,
            "width": 0.4079903439153438,
            "height": 0.02964262653692384
        },
        "friend": {
            "x": 0.004600000000000001,
            "y": 0.9020881873727088,
            "width": 0.03434259259259258,
            "height": 0.07762668024439918
        },
        "totem": {
            "x": 0.9509753306878306,
            "y": 0.8389404163837972,
            "width": 0.02080000000000004,
            "height": 0.04630000000000001
        }
    }
}