{
    "last_config": "Castbound",
    "last_rod": "Basic Rod",
    "bar_areas": {
        "shake": {
            "x": 0.041914153439153404,
            "y": 0.1809249830278344,
            "width": 0.9083666666666667,
            "height": 0.6564851851851851
        },
        "fish": {
            "x": 0.2951308201058202,
            "y": 0.84820183299389,
            "width": 0.40694867724867717,
            "height": 0.030568552462849757
        },
        "friend": {
            "x": 0.004600000000000001,
            "y": 0.9020881873727088,
            "width": 0.03434259259259258,
            "height": 0.07762668024439918
        },
        "totem": {
            "x": 0.9514961640211639,
            "y": 0.8731996756430564,
            "width": 0.02080000000000004,
            "height": 0.04630000000000001
        }
    }
}