{
    "last_rod": "Basic Rod",
    "last_config": "Castbound",
    "bar_areas": {
        "shake": {
            "x": 0.1041,
            "y": 0.0925,
            "width": 0.7917000000000001,
            "height": 0.6962999999999999
        },
        "fish": {
            "x": 0.2838791666666667,
            "y": 0.8434703703703703,
            "width": 0.4296999999999999,
            "height": 0.038899999999999935
        },
        "friend": {
            "x": 0.004600000000000001,
            "y": 0.9082999999999999,
            "width": 0.033416666666666664,
            "height": 0.07336666666666666
        },
        "totem": {
            "x": 0.9515375,
            "y": 0.8379296296296297,
            "width": 0.02080000000000004,
            "height": 0.04630000000000001
        }
    }
}