{
    "last_config": "Default",
    "last_rod": "Basic Rod",
    "bar_areas": {
        "shake": {
            "x": 0.10858082010582007,
            "y": 0.10777683487968627,
            "width": 0.7807625,
            "height": 0.7138925925925925
        },
        "fish": {
            "x": 0.2951308201058202,
            "y": 0.8472759070679641,
            "width": 0.40694867724867717,
            "height": 0.03242040431470162
        },
        "friend": {
            "x": 0.004600000000000001,
            "y": 0.9020881873727088,
            "width": 0.03434259259259258,
            "height": 0.07762668024439918
        },
        "totem": {
            "x": 0.9514961640211639,
            "y": 0.8731996756430564,
            "width": 0.02080000000000004,
            "height": 0.04630000000000001
        }
    }
}