{
    "last_rod": "Basic Rod",
    "last_config": "Masterline Rod",
    "bar_areas": {
        "shake": {
            "x": 0.1041,
            "y": 0.0925,
            "width": 0.7917000000000001,
            "height": 0.6962999999999999
        },
        "fish": {
            "x": 0.2844,
            "y": 0.7981,
            "width": 0.4296999999999999,
            "height": 0.038899999999999935
        },
        "friend": {
            "x": 0.004600000000000001,
            "y": 0.8583,
            "width": 0.0355,
            "height": 0.0817
        },
        "totem": {
            "x": 0.9531,
            "y": 0.8333,
            "width": 0.02080000000000004,
            "height": 0.04630000000000001
        }
    }
}