{
    "last_config": "Luminescent Oath",
    "last_rod": "Basic Rod",
    "bar_areas": {
        "shake": {
            "x": 0.5205599867724867,
            "y": 0.46703609413894553,
            "width": 0.2146166666666666,
            "height": 0.0925962962962962
        },
        "fish": {
            "x": 0.48106832010582024,
            "y": 0.8917203515124085,
            "width": 0.03767784391534376,
            "height": 0.06205003394433125
        },
        "friend": {
            "x": 0.004600000000000001,
            "y": 0.9020881873727088,
            "width": 0.03434259259259258,
            "height": 0.07762668024439918
        },
        "totem": {
            "x": 0.9514961640211639,
            "y": 0.8731996756430564,
            "width": 0.02080000000000004,
            "height": 0.04630000000000001
        }
    }
}