{
    "last_config": "Default",
    "last_rod": "Basic Rod",
    "bar_areas": {
        "shake": {
            "x": 0.10476137566137567,
            "y": 0.10777494908350305,
            "width": 0.7917000000000001,
            "height": 0.6962999999999999
        },
        "fish": {
            "x": 0.2857227513227513,
            "y": 0.8449431771894094,
            "width": 0.42969999999999997,
            "height": 0.03889999999999994
        },
        "friend": {
            "x": 0.0046,
            "y": 0.9020881873727088,
            "width": 0.04475925925925925,
            "height": 0.07762668024439918
        },
        "totem": {
            "x": 0.9504544973544973,
            "y": 0.8750515274949083,
            "width": 0.02080000000000004,
            "height": 0.04630000000000001
        }
    }
}