{
    "last_config": "Silly Fun Happy Rod",
    "last_rod": "Basic Rod",
    "bar_areas": {
        "shake": {
            "x": 0.3882683201058201,
            "y": 0.47259164969450107,
            "width": 0.22451250000000003,
            "height": 0.1564851851851851
        },
        "fish": {
            "x": 0.29617248677248686,
            "y": 0.84820183299389,
            "width": 0.40642784391534387,
            "height": 0.030568552462849757
        },
        "friend": {
            "x": 0.004600000000000001,
            "y": 0.9020881873727088,
            "width": 0.04475925925925925,
            "height": 0.07762668024439918
        },
        "totem": {
            "x": 0.9504544973544973,
            "y": 0.8750515274949083,
            "width": 0.02080000000000004,
            "height": 0.04630000000000001
        }
    }
}