{
    "last_rod": "Basic Rod",
    "last_config": "Lullaby",
    "bar_areas": {
        "shake": {
            "x": 0.1041,
            "y": 0.0925,
            "width": 0.7917000000000001,
            "height": 0.6962999999999999
        },
        "fish": {
            "x": 0.2838791666666667,
            "y": 0.8434703703703703,
            "width": 0.4296999999999999,
            "height": 0.038899999999999935
        },
        "friend": {
            "x": 0.001995833333333334,
            "y": 0.9157074074074073,
            "width": 0.0355,
            "height": 0.0817
        },
        "totem": {
            "x": 0.9536208333333334,
            "y": 0.8694111111111111,
            "width": 0.02080000000000004,
            "height": 0.04630000000000001
        }
    }
}